original_column,source_file,label,readable_name_suggested,readable_name_final,keep_status,notes
SEQN,P_ALB_CR.xpt | P_BIOPRO.xpt | P_CBC.xpt | P_CMV.xpt | P_COT.xpt | P_CRCO.xpt | P_ETHOX.xpt | P_FASTQX.xpt | P_FERTIN.xpt | P_FETIB.xpt | P_FOLATE.xpt | P_FOLFMS.xpt | P_FR.xpt | P_GHB.xpt | P_GLU.xpt | P_HDL.xpt | P_HEPA.xpt | P_HEPBD.xpt | P_HEPB_S.xpt | P_HEPC.xpt | P_HEPE.xpt | P_HSCRP.xpt | P_IHGEM.xpt | P_OPD.xpt | P_PBCD.xpt | P_PERNT.xpt | P_PFAS.xpt | P_SSAGP.xpt | P_SSFR.xpt | P_SSMMRV.xpt | P_SSUVCM.xpt | P_TCHOL.xpt | P_TFR.xpt | P_TRIGLY.xpt | P_TST.xpt | P_UAS.xpt | P_UCFLOW.xpt | P_UCM.xpt | P_UCPREG.xpt | P_UHG.xpt | P_UIO.xpt | P_UM.xpt | P_UNI.xpt | P_UTAS.xpt | P_UVOC.xpt | P_UVOC2.xpt | P_VOCWB.xpt,Respondent Sequence Number | Respondent sequence number,respondent_sequence_number_respondent_sequence_number,SEQN,keep_id,
URXUMA,P_ALB_CR.xpt,"Albumin, urine (ug/mL)",albumin_urine_ug_ml,,review,
URXUMS,P_ALB_CR.xpt,"Albumin, urine (mg/L)",albumin_urine_mg_l,,review,
URDUMALC,P_ALB_CR.xpt,"Albumin, urine comment code",albumin_urine_comment_code,,review,
URXUCR,P_ALB_CR.xpt,"Creatinine, urine (mg/dL)",creatinine_urine_mg_dl,,review,
URXCRS,P_ALB_CR.xpt,"Creatinine, urine (umol/L)",creatinine_urine_umol_l,,review,
URDUCRLC,P_ALB_CR.xpt,"Creatinine, urine comment code",creatinine_urine_comment_code,,review,
URDACT,P_ALB_CR.xpt,Albumin creatinine ratio (mg/g),albumin_creatinine_ratio_mg_g,,review,
LBXSATSI,P_BIOPRO.xpt,Alanine Aminotransferase (ALT) (U/L),alanine_aminotransferase_alt_u_l,,review,
LBDSATLC,P_BIOPRO.xpt,ALT Comment Code,alt_comment_code,,review,
LBXSAL,P_BIOPRO.xpt,"Albumin, refrigerated serum (g/dL)",albumin_refrigerated_serum_g_dl,,review,
LBDSALSI,P_BIOPRO.xpt,"Albumin, refrigerated serum (g/L)",albumin_refrigerated_serum_g_l,,review,
LBXSAPSI,P_BIOPRO.xpt,Alkaline Phosphatase (ALP) (IU/L),alkaline_phosphatase_alp_iu_l,,review,
LBXSASSI,P_BIOPRO.xpt,Aspartate Aminotransferase (AST) (U/L),aspartate_aminotransferase_ast_u_l,,review,
LBXSC3SI,P_BIOPRO.xpt,Bicarbonate (mmol/L),bicarbonate_mmol_l,,review,
LBXSBU,P_BIOPRO.xpt,Blood Urea Nitrogen (mg/dL),blood_urea_nitrogen_mg_dl,,review,
LBDSBUSI,P_BIOPRO.xpt,Blood Urea Nitrogen (mmol/L),blood_urea_nitrogen_mmol_l,,review,
LBXSCLSI,P_BIOPRO.xpt,Chloride (mmol/L),chloride_mmol_l,,review,
LBXSCK,P_BIOPRO.xpt,Creatine Phosphokinase (CPK) (IU/L),creatine_phosphokinase_cpk_iu_l,,review,
LBXSCR,P_BIOPRO.xpt,"Creatinine, refrigerated serum (mg/dL)",creatinine_refrigerated_serum_mg_dl,,review,
LBDSCRSI,P_BIOPRO.xpt,"Creatinine, refrigerated serum (umol/L)",creatinine_refrigerated_serum_umol_l,,review,
LBXSGB,P_BIOPRO.xpt,Globulin (g/dL),globulin_g_dl,,review,
LBDSGBSI,P_BIOPRO.xpt,Globulin (g/L),globulin_g_l,,review,
LBXSGL,P_BIOPRO.xpt,"Glucose, refrigerated serum (mg/dL)",glucose_refrigerated_serum_mg_dl,,review,
LBDSGLSI,P_BIOPRO.xpt,"Glucose, refrigerated serum (mmol/L)",glucose_refrigerated_serum_mmol_l,,review,
LBXSGTSI,P_BIOPRO.xpt,Gamma Glutamyl Transferase (GGT) (IU/L),gamma_glutamyl_transferase_ggt_iu_l,,review,
LBDSGTLC,P_BIOPRO.xpt,GGT Comment Code,ggt_comment_code,,review,
LBXSIR,P_BIOPRO.xpt,"Iron, refrigerated serum (ug/dL)",iron_refrigerated_serum_ug_dl,,review,
LBDSIRSI,P_BIOPRO.xpt,"Iron, refrigerated serum (umol/L)",iron_refrigerated_serum_umol_l,,review,
LBXSLDSI,P_BIOPRO.xpt,Lactate Dehydrogenase (LDH) (IU/L),lactate_dehydrogenase_ldh_iu_l,,review,
LBXSOSSI,P_BIOPRO.xpt,Osmolality (mmol/Kg),osmolality_mmol_kg,,review,
LBXSPH,P_BIOPRO.xpt,Phosphorus (mg/dL),phosphorus_mg_dl,,review,
LBDSPHSI,P_BIOPRO.xpt,Phosphorus (mmol/L),phosphorus_mmol_l,,review,
LBXSKSI,P_BIOPRO.xpt,Potassium (mmol/L),potassium_mmol_l,,review,
LBXSNASI,P_BIOPRO.xpt,Sodium (mmol/L),sodium_mmol_l,,review,
LBXSTB,P_BIOPRO.xpt,Total Bilirubin (mg/dL),total_bilirubin_mg_dl,,review,
LBDSTBSI,P_BIOPRO.xpt,Total Bilirubin (umol/L),total_bilirubin_umol_l,,review,
LBDSTBLC,P_BIOPRO.xpt,Total Bilirubin Comment Code,total_bilirubin_comment_code,,review,
LBXSCA,P_BIOPRO.xpt,Total Calcium (mg/dL),total_calcium_mg_dl,,review,
LBDSCASI,P_BIOPRO.xpt,Total Calcium (mmol/L),total_calcium_mmol_l,,review,
LBXSCH,P_BIOPRO.xpt,"Cholesterol, refrigerated serum (mg/dL)",cholesterol_refrigerated_serum_mg_dl,,review,
LBDSCHSI,P_BIOPRO.xpt,"Cholesterol, refrigerated serum (mmol/L)",cholesterol_refrigerated_serum_mmol_l,,review,
LBXSTP,P_BIOPRO.xpt,Total Protein (g/dL),total_protein_g_dl,,review,
LBDSTPSI,P_BIOPRO.xpt,Total Protein (g/L),total_protein_g_l,,review,
LBXSTR,P_BIOPRO.xpt,"Triglycerides, refrig serum (mg/dL)",triglycerides_refrig_serum_mg_dl,,review,
LBDSTRSI,P_BIOPRO.xpt,"Triglycerides, refrig serum (mmol/L)",triglycerides_refrig_serum_mmol_l,,review,
LBXSUA,P_BIOPRO.xpt,Uric acid (mg/dL),uric_acid_mg_dl,,review,
LBDSUASI,P_BIOPRO.xpt,Uric acid (umol/L),uric_acid_umol_l,,review,
LBXWBCSI,P_CBC.xpt,White blood cell count (1000 cells/uL),white_blood_cell_count_1000_cells_ul,,review,
LBXLYPCT,P_CBC.xpt,Lymphocyte percent (%),lymphocyte_percent,,review,
LBXMOPCT,P_CBC.xpt,Monocyte percent (%),monocyte_percent,,review,
LBXNEPCT,P_CBC.xpt,Segmented neutrophils percent (%),segmented_neutrophils_percent,,review,
LBXEOPCT,P_CBC.xpt,Eosinophils percent (%),eosinophils_percent,,review,
LBXBAPCT,P_CBC.xpt,Basophils percent (%),basophils_percent,,review,
LBDLYMNO,P_CBC.xpt,Lymphocyte number (1000 cells/uL),lymphocyte_number_1000_cells_ul,,review,
LBDMONO,P_CBC.xpt,Monocyte number (1000 cells/uL),monocyte_number_1000_cells_ul,,review,
LBDNENO,P_CBC.xpt,Segmented neutrophils num (1000 cell/uL),segmented_neutrophils_num_1000_cell_ul,,review,
LBDEONO,P_CBC.xpt,Eosinophils number (1000 cells/uL),eosinophils_number_1000_cells_ul,,review,
LBDBANO,P_CBC.xpt,Basophils number (1000 cells/uL),basophils_number_1000_cells_ul,,review,
LBXRBCSI,P_CBC.xpt,Red blood cell count (million cells/uL),red_blood_cell_count_million_cells_ul,,review,
LBXHGB,P_CBC.xpt,Hemoglobin (g/dL),hemoglobin_g_dl,,review,
LBXHCT,P_CBC.xpt,Hematocrit (%),hematocrit,,review,
LBXMCVSI,P_CBC.xpt,Mean cell volume (fL),mean_cell_volume_fl,,review,
LBXMC,P_CBC.xpt,Mean Cell Hgb Conc. (g/dL),mean_cell_hgb_conc_g_dl,,review,
LBXMCHSI,P_CBC.xpt,Mean cell hemoglobin (pg),mean_cell_hemoglobin_pg,,review,
LBXRDW,P_CBC.xpt,Red cell distribution width (%),red_cell_distribution_width,,review,
LBXPLTSI,P_CBC.xpt,Platelet count (1000 cells/uL),platelet_count_1000_cells_ul,,review,
LBXMPSI,P_CBC.xpt,Mean platelet volume (fL),mean_platelet_volume_fl,,review,
LBXNRBC,P_CBC.xpt,Nucleated red blood cells (/100 WBC),nucleated_red_blood_cells_100_wbc,,review,
LBXIGG,P_CMV.xpt,Cytomegalovirus (CMV) IgG,cytomegalovirus_cmv_igg,,review,
LBXIGM,P_CMV.xpt,Cytomegalovirus (CMV) IgM,cytomegalovirus_cmv_igm,,review,
LBXIGGA,P_CMV.xpt,Cytomegalovirus (CMV) IgG avidity,cytomegalovirus_cmv_igg_avidity,,review,
LBXCOT,P_COT.xpt,"Cotinine, Serum (ng/mL)",cotinine_serum_ng_ml,,review,
LBDCOTLC,P_COT.xpt,"Cotinine, Serum Comment Code",cotinine_serum_comment_code,,review,
LBXHCOT,P_COT.xpt,"Hydroxycotinine, Serum (ng/mL)",hydroxycotinine_serum_ng_ml,,review,
LBDHCOLC,P_COT.xpt,"Hydroxycotinine, Serum Comment Code",hydroxycotinine_serum_comment_code,,review,
LBXBCR,P_CRCO.xpt,Chromium (ug/L),chromium_ug_l,,review,
LBDBCRSI,P_CRCO.xpt,Chromium (nmol/L),chromium_nmol_l,,review,
LBDBCRLC,P_CRCO.xpt,Chromium Comment Code,chromium_comment_code,,review,
LBXBCO,P_CRCO.xpt,Cobalt (ug/L),cobalt_ug_l,,review,
LBDBCOSI,P_CRCO.xpt,Cobalt (nmol/L),cobalt_nmol_l,,review,
LBDBCOLC,P_CRCO.xpt,Cobalt Comment Code,cobalt_comment_code,,review,
WTSAPRP,P_ETHOX.xpt | P_PERNT.xpt | P_UAS.xpt | P_UCM.xpt | P_UHG.xpt | P_UIO.xpt | P_UM.xpt | P_UNI.xpt | P_UTAS.xpt | P_UVOC.xpt,Subsample A Weights Pre-Pandemic,subsample_a_weights_pre_pandemic,,review,
LBXEOA,P_ETHOX.xpt,Ethylene Oxide (pmol/g Hb),ethylene_oxide_pmol_g_hb,,review,
LBDEOALC,P_ETHOX.xpt,Ethylene Oxide comment code,ethylene_oxide_comment_code,,review,
PHQ020,P_FASTQX.xpt,Coffee or tea with cream or sugar?,coffee_or_tea_with_cream_or_sugar,,review,
PHACOFHR,P_FASTQX.xpt,Coffee/tea fast time (hours),coffee_tea_fast_time_hours,,review,
PHACOFMN,P_FASTQX.xpt,Coffee/tea fast time (minutes),coffee_tea_fast_time_minutes,,review,
PHQ030,P_FASTQX.xpt,"Alcohol, such as beer, wine, or liquor?",alcohol_such_as_beer_wine_or_liquor,,review,
PHAALCHR,P_FASTQX.xpt,Alcohol fast time (hours),alcohol_fast_time_hours,,review,
PHAALCMN,P_FASTQX.xpt,Alcohol fast time (minutes),alcohol_fast_time_minutes,,review,
PHQ040,P_FASTQX.xpt,"Gum, mints, lozenges or cough drops",gum_mints_lozenges_or_cough_drops,,review,
PHAGUMHR,P_FASTQX.xpt,"Gum, mints cough drops fast time (hours)",gum_mints_cough_drops_fast_time_hours,,review,
PHAGUMMN,P_FASTQX.xpt,"Gum, mints, cough fast time (minutes)",gum_mints_cough_fast_time_minutes,,review,
PHQ050,P_FASTQX.xpt,"Antacids, laxatives, or anti-diarrheals?",antacids_laxatives_or_anti_diarrheals,,review,
PHAANTHR,P_FASTQX.xpt,"Antacids, laxatives fast time (hours)",antacids_laxatives_fast_time_hours,,review,
PHAANTMN,P_FASTQX.xpt,"Antacids, laxatives fast time (minutes)",antacids_laxatives_fast_time_minutes,,review,
PHQ060,P_FASTQX.xpt,Dietary supplements?,dietary_supplements,,review,
PHASUPHR,P_FASTQX.xpt,Dietary supplements fast time (hours),dietary_supplements_fast_time_hours,,review,
PHASUPMN,P_FASTQX.xpt,Dietary supplements fast time (minutes),dietary_supplements_fast_time_minutes,,review,
PHAFSTHR,P_FASTQX.xpt,"Total length of ""food fast,"" hours",total_length_of_food_fast_hours,,review,
PHAFSTMN,P_FASTQX.xpt,"Total length of ""food fast,"" minutes",total_length_of_food_fast_minutes,,review,
PHDSESN,P_FASTQX.xpt,Session in which SP was examined,session_in_which_sp_was_examined,,review,
LBXFER,P_FERTIN.xpt,Ferritin (ng/mL),ferritin_ng_ml,,review,
LBDFERSI,P_FERTIN.xpt,Ferritin (ug/L),ferritin_ug_l,,review,
LBXIRN,P_FETIB.xpt,"Iron frozen, Serum (ug/dL)",iron_frozen_serum_ug_dl,,review,
LBDIRNSI,P_FETIB.xpt,"Iron frozen, Serum (umol/L)",iron_frozen_serum_umol_l,,review,
LBXUIB,P_FETIB.xpt,"UIBC, Serum (ug/dL)",uibc_serum_ug_dl,,review,
LBDUIBLC,P_FETIB.xpt,"UIBC, Serum Comment Code",uibc_serum_comment_code,,review,
LBDUIBSI,P_FETIB.xpt,"UIBC, Serum (umol/L)",uibc_serum_umol_l,,review,
LBDTIB,P_FETIB.xpt,Total Iron Binding Capacity TIBC (ug/dL),total_iron_binding_capacity_tibc_ug_dl,,review,
LBDTIBSI,P_FETIB.xpt,Tot Iron Binding Capacity TIBC (umol/L),tot_iron_binding_capacity_tibc_umol_l,,review,
LBDPCT,P_FETIB.xpt,Transferrin Saturation (%),transferrin_saturation,,review,
WTFOLPRP,P_FOLATE.xpt | P_FOLFMS.xpt,Folate & Folate Form Weight Pre-Pandemic,folate_folate_form_weight_pre_pandemic,,review,
LBDRFO,P_FOLATE.xpt,RBC folate (ng/mL),rbc_folate_ng_ml,,review,
LBDRFOSI,P_FOLATE.xpt,RBC folate (nmol/L),rbc_folate_nmol_l,,review,
WTFOLPRP__p_folfms,,,,,review,
LBDFOTSI,P_FOLFMS.xpt,Serum total folate (nmol/L),serum_total_folate_nmol_l,,review,
LBDFOT,P_FOLFMS.xpt,Serum total folate (ng/mL),serum_total_folate_ng_ml,,review,
LBXSF1SI,P_FOLFMS.xpt,5-Methyl-tetrahydrofolate (nmol/L),5_methyl_tetrahydrofolate_nmol_l,,review,
LBDSF1LC,P_FOLFMS.xpt,5-Methyl-tetrahydrofolate cmt,5_methyl_tetrahydrofolate_cmt,,review,
LBXSF2SI,P_FOLFMS.xpt,Folic acid (nmol/L),folic_acid_nmol_l,,review,
LBDSF2LC,P_FOLFMS.xpt,Folic acid cmt,folic_acid_cmt,,review,
LBXSF3SI,P_FOLFMS.xpt,5-Formyl-tetrahydrofolate (nmol/L),5_formyl_tetrahydrofolate_nmol_l,,review,
LBDSF3LC,P_FOLFMS.xpt,5-Formyl-tetrahydrofolate cmt,5_formyl_tetrahydrofolate_cmt,,review,
LBXSF4SI,P_FOLFMS.xpt,Tetrahydrofolate (nmol/L),tetrahydrofolate_nmol_l,,review,
LBDSF4LC,P_FOLFMS.xpt,Tetrahydrofolate cmt,tetrahydrofolate_cmt,,review,
LBXSF5SI,P_FOLFMS.xpt,"5,10-Methenyl-tetrahydrofolate (nmol/L)",5_10_methenyl_tetrahydrofolate_nmol_l,,review,
LBDSF5LC,P_FOLFMS.xpt,"5,10-Methenyl-tetrahydrofolate cmt",5_10_methenyl_tetrahydrofolate_cmt,,review,
LBXSF6SI,P_FOLFMS.xpt,Mefox oxidation product (nmol/L),mefox_oxidation_product_nmol_l,,review,
LBDSF6LC,P_FOLFMS.xpt,Mefox oxidation product cmt,mefox_oxidation_product_cmt,,review,
WTSBPRP,P_FR.xpt | P_OPD.xpt,Subsample B Weights Pre-Pandemic,subsample_b_weights_pre_pandemic,,review,
URXBCPP,P_FR.xpt,Bis (1-chloro-2-propyl) Phosphate,bis_1_chloro_2_propyl_phosphate,,review,
URDBCPLC,P_FR.xpt,Bis (1-chloro-2-propyl) Phosphate Comt,bis_1_chloro_2_propyl_phosphate_comt,,review,
URXBCEP,P_FR.xpt,Bis-2-chloroethyl Phosphate,bis_2_chloroethyl_phosphate,,review,
URDCEPLC,P_FR.xpt,Bis-2-chloroethyl Phosphate Comt Code,bis_2_chloroethyl_phosphate_comt_code,,review,
URXBDCP,P_FR.xpt,"Bis (1,3-dichloro-2-propyl) Phosphate",bis_1_3_dichloro_2_propyl_phosphate,,review,
URDBDCLC,P_FR.xpt,"Bis (1,3-dichloro-2-propyl) Phosph Comt",bis_1_3_dichloro_2_propyl_phosph_comt,,review,
URXDBUP,P_FR.xpt,Dibutyl Phosphate,dibutyl_phosphate,,review,
URDDUPLC,P_FR.xpt,Dibutyl Phosphate Comment Code,dibutyl_phosphate_comment_code,,review,
URXDPHP,P_FR.xpt,Diphenyl Phosphate,diphenyl_phosphate,,review,
URDDPHLC,P_FR.xpt,Diphenyl Phosphate Comment Code,diphenyl_phosphate_comment_code,,review,
URXTBBA,P_FR.xpt,"2,3,4,5-tetrabromobenzoic Acid",2_3_4_5_tetrabromobenzoic_acid,,review,
URDBBALC,P_FR.xpt,"2,3,4,5-tetrabromobenzoic Acid Comt Code",2_3_4_5_tetrabromobenzoic_acid_comt_code,,review,
LBXGH,P_GHB.xpt,Glycohemoglobin (%),glycohemoglobin,,review,
WTSAFPRP,P_GLU.xpt | P_TRIGLY.xpt,Fasting Subsample Weight,fasting_subsample_weight,,review,
LBXGLU,P_GLU.xpt,Fasting Glucose (mg/dL),fasting_glucose_mg_dl,,review,
LBDGLUSI,P_GLU.xpt,Fasting Glucose (mmol/L),fasting_glucose_mmol_l,,review,
LBDHDD,P_HDL.xpt,Direct HDL-Cholesterol (mg/dL),direct_hdl_cholesterol_mg_dl,,review,
LBDHDDSI,P_HDL.xpt,Direct HDL-Cholesterol (mmol/L),direct_hdl_cholesterol_mmol_l,,review,
LBXHA,P_HEPA.xpt,Hepatitis A antibody,hepatitis_a_antibody,,review,
LBXHBS,P_HEPB_S.xpt,Hepatitis B Surface Antibody,hepatitis_b_surface_antibody,,review,
LBXHBC,P_HEPBD.xpt,Hepatitis B core antibody,hepatitis_b_core_antibody,,review,
LBDHBG,P_HEPBD.xpt,Hepatitis B surface antigen,hepatitis_b_surface_antigen,,review,
LBDHD,P_HEPBD.xpt,Hepatitis D antibody (anti-HDV),hepatitis_d_antibody_anti_hdv,,review,
SSLBDHD,P_HEPBD.xpt,Hepatitis D antibody (anti-HDV)retesting,hepatitis_d_antibody_anti_hdv_retesting,,review,
LBXHCR,P_HEPC.xpt,Hepatitis C RNA,hepatitis_c_rna,,review,
LBDHCI,P_HEPC.xpt,Hepatitis C Antibody (confirmed),hepatitis_c_antibody_confirmed,,review,
LBXHCG,P_HEPC.xpt,Hepatitis C Genotype,hepatitis_c_genotype,,review,
LBDHEG,P_HEPE.xpt,Hepatitis E IgG (anti-HEV),hepatitis_e_igg_anti_hev,,review,
LBDHEM,P_HEPE.xpt,Hepatitis E IgM (anti-HEV),hepatitis_e_igm_anti_hev,,review,
LBXHSCRP,P_HSCRP.xpt,HS C-Reactive Protein (mg/L),hs_c_reactive_protein_mg_l,,review,
LBDHRPLC,P_HSCRP.xpt,HS C-Reactive Protein Comment Code,hs_c_reactive_protein_comment_code,,review,
LBXIHG,P_IHGEM.xpt,"Mercury, inorganic (ug/L)",mercury_inorganic_ug_l,,review,
LBDIHGSI,P_IHGEM.xpt,"Mercury, inorganic (nmol/L)",mercury_inorganic_nmol_l,,review,
LBDIHGLC,P_IHGEM.xpt,"Mercury, inorganic comment code",mercury_inorganic_comment_code,,review,
LBXBGE,P_IHGEM.xpt,"Mercury, ethyl (ug/L)",mercury_ethyl_ug_l,,review,
LBDBGESI,P_IHGEM.xpt,"Mercury, ethyl (nmol/L)",mercury_ethyl_nmol_l,,review,
LBDBGELC,P_IHGEM.xpt,"Mercury, ethyl comment code",mercury_ethyl_comment_code,,review,
LBXBGM,P_IHGEM.xpt,"Mercury, methyl (ug/L)",mercury_methyl_ug_l,,review,
LBDBGMSI,P_IHGEM.xpt,"Mercury, methyl (nmol/L)",mercury_methyl_nmol_l,,review,
LBDBGMLC,P_IHGEM.xpt,"Mercury, methyl comment code",mercury_methyl_comment_code,,review,
WTSAFPRP__p_ins,,,,,review,
LBXIN,,,,,review,
LBDINSI,,,,,review,
LBDINLC,,,,,review,
WTSBPRP__p_opd,,,,,review,
URXOP1,P_OPD.xpt,Dimethylphosphate (ng/mL),dimethylphosphate_ng_ml,,review,
URDOP1LC,P_OPD.xpt,Dimethylphosphate Comment Code,dimethylphosphate_comment_code,,review,
URXOP2,P_OPD.xpt,Diethylphosphate (ng/mL),diethylphosphate_ng_ml,,review,
URDOP2LC,P_OPD.xpt,Diethylphosphate Comment Code,diethylphosphate_comment_code,,review,
URXOP3,P_OPD.xpt,Dimethylthiophosphate (ng/mL),dimethylthiophosphate_ng_ml,,review,
URDOP3LC,P_OPD.xpt,Dimethylthiophosphate Comment Code,dimethylthiophosphate_comment_code,,review,
URXOP4,P_OPD.xpt,Diethylthiophosphate (ng/mL),diethylthiophosphate_ng_ml,,review,
URDOP4LC,P_OPD.xpt,Diethylthiophosphate Comment Code,diethylthiophosphate_comment_code,,review,
URXOP5,P_OPD.xpt,Dimethyldithiophosphate (ng/mL),dimethyldithiophosphate_ng_ml,,review,
URDOP5LC,P_OPD.xpt,Dimethyldithiophosphate Comment Code,dimethyldithiophosphate_comment_code,,review,
URXOP6,P_OPD.xpt,Diethyldithiophosphate (ng/mL),diethyldithiophosphate_ng_ml,,review,
URDOP6LC,P_OPD.xpt,Diethyldithiophosphate Comment Code,diethyldithiophosphate_comment_code,,review,
LBXBPB,P_PBCD.xpt,Blood lead (ug/dL),blood_lead_ug_dl,,review,
LBDBPBSI,P_PBCD.xpt,Blood lead (umol/L),blood_lead_umol_l,,review,
LBDBPBLC,P_PBCD.xpt,Blood lead comment code,blood_lead_comment_code,,review,
LBXBCD,P_PBCD.xpt,Blood cadmium (ug/L),blood_cadmium_ug_l,,review,
LBDBCDSI,P_PBCD.xpt,Blood cadmium (nmol/L),blood_cadmium_nmol_l,,review,
LBDBCDLC,P_PBCD.xpt,Blood cadmium comment code,blood_cadmium_comment_code,,review,
LBXTHG,P_PBCD.xpt,"Blood mercury, total (ug/L)",blood_mercury_total_ug_l,,review,
LBDTHGSI,P_PBCD.xpt,"Blood mercury, total (nmol/L)",blood_mercury_total_nmol_l,,review,
LBDTHGLC,P_PBCD.xpt,"Blood mercury, total comment code",blood_mercury_total_comment_code,,review,
LBXBSE,P_PBCD.xpt,Blood selenium (ug/L),blood_selenium_ug_l,,review,
LBDBSESI,P_PBCD.xpt,Blood selenium (umol/L),blood_selenium_umol_l,,review,
LBDBSELC,P_PBCD.xpt,Blood selenium comment code,blood_selenium_comment_code,,review,
LBXBMN,P_PBCD.xpt,Blood manganese (ug/L),blood_manganese_ug_l,,review,
LBDBMNSI,P_PBCD.xpt,Blood manganese (nmol/L),blood_manganese_nmol_l,,review,
LBDBMNLC,P_PBCD.xpt,Blood manganese comment code,blood_manganese_comment_code,,review,
WTSAPRP__p_pernt,,,,,review,
URXUP8,P_PERNT.xpt,"Perchlorate, urine (ng/mL)",perchlorate_urine_ng_ml,,review,
URDUP8LC,P_PERNT.xpt,"Perchlorate, urine Comment Code",perchlorate_urine_comment_code,,review,
URXNO3,P_PERNT.xpt,"Nitrate, urine (ng/mL)",nitrate_urine_ng_ml,,review,
URDNO3LC,P_PERNT.xpt,"Nitrate, urine Comment Code",nitrate_urine_comment_code,,review,
URXSCN,P_PERNT.xpt,"Thiocyanate, urine (ng/mL)",thiocyanate_urine_ng_ml,,review,
URDSCNLC,P_PERNT.xpt,"Thiocyanate, urine Comment Code",thiocyanate_urine_comment_code,,review,
WTSBAPRP,P_PFAS.xpt,Subsample BA Weights Pre-Pandemic,subsample_ba_weights_pre_pandemic,,review,
LBXPFDE,P_PFAS.xpt,Perfluorodecanoic acid (ng/mL),perfluorodecanoic_acid_ng_ml,,review,
LBDPFDEL,P_PFAS.xpt,Perfluorodecanoic acid Comment Code,perfluorodecanoic_acid_comment_code,,review,
LBXPFHS,P_PFAS.xpt,Perfluorohexane sulfonic acid (ng/mL),perfluorohexane_sulfonic_acid_ng_ml,,review,
LBDPFHSL,P_PFAS.xpt,Perfluorohexane sulfonic acid Comt Code,perfluorohexane_sulfonic_acid_comt_code,,review,
LBXMPAH,P_PFAS.xpt,2-(N-methyl-PFOSA)acetic acid (ng/mL),2_n_methyl_pfosa_acetic_acid_ng_ml,,review,
LBDMPAHL,P_PFAS.xpt,2-(N-methyl-PFOSA) acetic acid Comt Code,2_n_methyl_pfosa_acetic_acid_comt_code,,review,
LBXPFNA,P_PFAS.xpt,Perfluorononanoic acid (ng/mL),perfluorononanoic_acid_ng_ml,,review,
LBDPFNAL,P_PFAS.xpt,Perfluorononanoic acid Comment Code,perfluorononanoic_acid_comment_code,,review,
LBXPFUA,P_PFAS.xpt,Perfluoroundecanoic acid (ng/mL),perfluoroundecanoic_acid_ng_ml,,review,
LBDPFUAL,P_PFAS.xpt,Perfluoroundecanoic acid Comment Code,perfluoroundecanoic_acid_comment_code,,review,
LBXNFOA,P_PFAS.xpt,n-perfluorooctanoic acid (ng/mL),n_perfluorooctanoic_acid_ng_ml,,review,
LBDNFOAL,P_PFAS.xpt,n-perfluorooctanoic acid Comment Code,n_perfluorooctanoic_acid_comment_code,,review,
LBXBFOA,P_PFAS.xpt,Br. perfluorooctanoic acid iso (ng/mL),br_perfluorooctanoic_acid_iso_ng_ml,,review,
LBDBFOAL,P_PFAS.xpt,Br. perfluorooctanoic acid iso Comt Code,br_perfluorooctanoic_acid_iso_comt_code,,review,
LBXNFOS,P_PFAS.xpt,n-perfluorooctane sulfonic acid (ng/mL),n_perfluorooctane_sulfonic_acid_ng_ml,,review,
LBDNFOSL,P_PFAS.xpt,n-perfluorooctane sulfonic Comt Code,n_perfluorooctane_sulfonic_comt_code,,review,
LBXMFOS,P_PFAS.xpt,Sm-PFOS (ng/mL),sm_pfos_ng_ml,,review,
LBDMFOSL,P_PFAS.xpt,Sm-PFOS Comment Code,sm_pfos_comment_code,,review,
WTSSAGPP,P_SSAGP.xpt,Surplus specimen AGP weights prepandemic,surplus_specimen_agp_weights_prepandemic,,review,
SSAGP,P_SSAGP.xpt,Alpha-1-Acid Glycoprotein (g/L),alpha_1_acid_glycoprotein_g_l,,review,
WTSSBPP,P_SSFR.xpt,Surplus specimen B weights pre-pandemic,surplus_specimen_b_weights_pre_pandemic,,review,
SSIPPP,P_SSFR.xpt,2(isopropyl)phenyl)phenyl phosphateug/L,2_isopropyl_phenyl_phenyl_phosphateug_l,,review,
SSIPPPL,P_SSFR.xpt,2(isopropyl)phenyl)phenyl phosphate cd,2_isopropyl_phenyl_phenyl_phosphate_cd,,review,
SSBPPP,P_SSFR.xpt,4(tert-butyl)phenyl)phenyl phosphateug/L,4_tert_butyl_phenyl_phenyl_phosphateug_l,,review,
SSBPPPL,P_SSFR.xpt,4(tert-butyl)phenyl)phenyl phosphate cd,4_tert_butyl_phenyl_phenyl_phosphate_cd,,review,
WTSSMMPP,P_SSMMRV.xpt,Surplus spec MMRV weights prepandemic,surplus_spec_mmrv_weights_prepandemic,,review,
SSMEASQ,P_SSMMRV.xpt,Measles IgG Antibody MBA Quantitative,measles_igg_antibody_mba_quantitative,,review,
SSMEASQC,P_SSMMRV.xpt,Measles IgG Antibody MBA Comment,measles_igg_antibody_mba_comment,,review,
SSMEASI,P_SSMMRV.xpt,Measles IgG Antibody MBA Interpretation,measles_igg_antibody_mba_interpretation,,review,
SSMUMPQ,P_SSMMRV.xpt,Mumps IgG Antibody MBA Quantitative,mumps_igg_antibody_mba_quantitative,,review,
SSMUMPQC,P_SSMMRV.xpt,Mumps IgG Antibody MBA Comment,mumps_igg_antibody_mba_comment,,review,
SSMUMPI,P_SSMMRV.xpt,Mumps IgG Antibody MBA Interpretation,mumps_igg_antibody_mba_interpretation,,review,
SSRUBQ,P_SSMMRV.xpt,Rubella IgG Antibody MBA Quantitative,rubella_igg_antibody_mba_quantitative,,review,
SSRUBQC,P_SSMMRV.xpt,Rubella IgG Antibody MBA Comment,rubella_igg_antibody_mba_comment,,review,
SSRUBI,P_SSMMRV.xpt,Rubella IgG Antibody MBA Interpretation,rubella_igg_antibody_mba_interpretation,,review,
SSVARMQ,P_SSMMRV.xpt,Varicella IgG Antibody MBA Quantitative,varicella_igg_antibody_mba_quantitative,,review,
SSVARMQC,P_SSMMRV.xpt,Varicella IgG Antibody MBA Comment,varicella_igg_antibody_mba_comment,,review,
SSVARMI,P_SSMMRV.xpt,Varicella IgG Antibody MBA Interpret,varicella_igg_antibody_mba_interpret,,review,
SSVARGI,P_SSMMRV.xpt,Varicella gpELISA Interpretation,varicella_gpelisa_interpretation,,review,
SSVARINT,P_SSMMRV.xpt,Varicella Overall Interpretation,varicella_overall_interpretation,,review,
WTSSAPP,P_SSUVCM.xpt,Surplus specimen A weights pre-pandemic,surplus_specimen_a_weights_pre_pandemic,,review,
SSPPMA,P_SSUVCM.xpt,PPMA (ng/mL),ppma_ng_ml,,review,
SSPPMALC,P_SSUVCM.xpt,PPMA Cmt code,ppma_cmt_code,,review,
SSMMAC,P_SSUVCM.xpt,N-Acetyl-S-methyl-L-cysteine (ng/mL),n_acetyl_s_methyl_l_cysteine_ng_ml,,review,
SSMMACLC,P_SSUVCM.xpt,N-Acetyl-S-methyl-L-cysteine Cmt code,n_acetyl_s_methyl_l_cysteine_cmt_code,,review,
LBXTC,P_TCHOL.xpt,Total Cholesterol (mg/dL),total_cholesterol_mg_dl,,review,
LBDTCSI,P_TCHOL.xpt,Total Cholesterol (mmol/L),total_cholesterol_mmol_l,,review,
LBXTFR,P_TFR.xpt,Transferrin receptor (mg/L),transferrin_receptor_mg_l,,review,
LBDTFRSI,P_TFR.xpt,Transferrin receptor (nmol/L),transferrin_receptor_nmol_l,,review,
WTSAFPRP__p_trigly,,,,,review,
LBXTR,P_TRIGLY.xpt,Triglyceride (mg/dL),triglyceride_mg_dl,,review,
LBDTRSI,P_TRIGLY.xpt,Triglyceride (mmol/L),triglyceride_mmol_l,,review,
LBDLDL,P_TRIGLY.xpt,"LDL-Cholesterol, Friedewald (mg/dL)",ldl_cholesterol_friedewald_mg_dl,,review,
LBDLDLSI,P_TRIGLY.xpt,"LDL-Cholesterol, Friedewald (mmol/L)",ldl_cholesterol_friedewald_mmol_l,,review,
LBDLDLM,P_TRIGLY.xpt,"LDL-Cholesterol, Martin-Hopkins (mg/dL)",ldl_cholesterol_martin_hopkins_mg_dl,,review,
LBDLDMSI,P_TRIGLY.xpt,"LDL-Cholesterol, Martin-Hopkins (mmol/L)",ldl_cholesterol_martin_hopkins_mmol_l,,review,
LBDLDLN,P_TRIGLY.xpt,"LDL-Cholesterol, NIH equation 2 (mg/dL)",ldl_cholesterol_nih_equation_2_mg_dl,,review,
LBDLDNSI,P_TRIGLY.xpt,"LDL-Cholesterol, NIH equation 2 (mmol/L)",ldl_cholesterol_nih_equation_2_mmol_l,,review,
WTTSTPP,P_TST.xpt,TST Subsample Weights Pre-Pandemic,tst_subsample_weights_pre_pandemic,,review,
LBX17H,P_TST.xpt,17a-hydroxyprogesterone (ng/dL),17a_hydroxyprogesterone_ng_dl,,review,
LBD17HSI,P_TST.xpt,17a-hydroxyprogesterone (nmol/L),17a_hydroxyprogesterone_nmol_l,,review,
LBD17HLC,P_TST.xpt,17a-hydroxyprogesterone Comment Code,17a_hydroxyprogesterone_comment_code,,review,
LBXAND,P_TST.xpt,Androstenedione (ng/dL),androstenedione_ng_dl,,review,
LBDANDSI,P_TST.xpt,Androstenedione (nmol/L),androstenedione_nmol_l,,review,
LBDANDLC,P_TST.xpt,Androstenedione Comment Code,androstenedione_comment_code,,review,
LBXAMH,P_TST.xpt,Anti-Mullerian hormone (ng/mL),anti_mullerian_hormone_ng_ml,,review,
LBDAMHSI,P_TST.xpt,Anti-Mullerian hormone (pmol/L),anti_mullerian_hormone_pmol_l,,review,
LBDAMHLC,P_TST.xpt,Anti-Mullerian hormone Comment Code,anti_mullerian_hormone_comment_code,,review,
LBXEST,P_TST.xpt,Estradiol (pg/mL),estradiol_pg_ml,,review,
LBDESTSI,P_TST.xpt,Estradiol (pmol/L),estradiol_pmol_l,,review,
LBDESTLC,P_TST.xpt,Estradiol Comment Code,estradiol_comment_code,,review,
LBXESO,P_TST.xpt,Estrone (ng/dL),estrone_ng_dl,,review,
LBDESOSI,P_TST.xpt,Estrone (pmol/L),estrone_pmol_l,,review,
LBDESOLC,P_TST.xpt,Estrone Comment Code,estrone_comment_code,,review,
LBXES1,P_TST.xpt,Estrone Sulfate (pg/mL),estrone_sulfate_pg_ml,,review,
LBDES1SI,P_TST.xpt,Estrone Sulfate (pmol/L),estrone_sulfate_pmol_l,,review,
LBDES1LC,P_TST.xpt,Estrone Sulfate Comment Code,estrone_sulfate_comment_code,,review,
LBXFSH,P_TST.xpt,Follicle Stimulating Hormone (mIU/mL),follicle_stimulating_hormone_miu_ml,,review,
LBDFSHLC,P_TST.xpt,FSH Comment Code,fsh_comment_code,,review,
LBXLUH,P_TST.xpt,Luteinizing Hormone (mIU/mL),luteinizing_hormone_miu_ml,,review,
LBDLUHLC,P_TST.xpt,Luteinizing Hormone Comment Code,luteinizing_hormone_comment_code,,review,
LBXPG4,P_TST.xpt,Progesterone (ng/dL),progesterone_ng_dl,,review,
LBDPG4SI,P_TST.xpt,Progesterone (nmol/L),progesterone_nmol_l,,review,
LBDPG4LC,P_TST.xpt,Progesterone Comment Code,progesterone_comment_code,,review,
LBXSHBG,P_TST.xpt,SHBG (nmol/L),shbg_nmol_l,,review,
LBDSHGLC,P_TST.xpt,SHBG Comment Code,shbg_comment_code,,review,
WTSAPRP__p_uas,,,,,review,
URXUAS3,P_UAS.xpt,Urinary Arsenous acid (ug/L),urinary_arsenous_acid_ug_l,,review,
URDUA3LC,P_UAS.xpt,Urinary Arsenous acid comment code,urinary_arsenous_acid_comment_code,,review,
URXUAS5,P_UAS.xpt,Urinary Arsenic acid (ug/L),urinary_arsenic_acid_ug_l,,review,
URDUA5LC,P_UAS.xpt,Urinary Arsenic acid comment code,urinary_arsenic_acid_comment_code,,review,
URXUAB,P_UAS.xpt,Urinary Arsenobetaine (ug/L),urinary_arsenobetaine_ug_l,,review,
URDUABLC,P_UAS.xpt,Urinary Arsenobetaine comment code,urinary_arsenobetaine_comment_code,,review,
URXUAC,P_UAS.xpt,Urinary Arsenocholine (ug/L),urinary_arsenocholine_ug_l,,review,
URDUACLC,P_UAS.xpt,Urinary Arsenocholine comment code,urinary_arsenocholine_comment_code,,review,
URXUDMA,P_UAS.xpt,Urinary Dimethylarsinic acid (ug/L),urinary_dimethylarsinic_acid_ug_l,,review,
URDUDALC,P_UAS.xpt,Urinary Dimethylarsinic acid comment,urinary_dimethylarsinic_acid_comment,,review,
URXUMMA,P_UAS.xpt,Urinary Monomethylarsonic acid (ug/L),urinary_monomethylarsonic_acid_ug_l,,review,
URDUMMAL,P_UAS.xpt,Urinary Monomethylarsonic acid comment,urinary_monomethylarsonic_acid_comment,,review,
URXVOL1,P_UCFLOW.xpt,The volume of urine collection #1 (mL),the_volume_of_urine_collection_1_ml,,review,
URDFLOW1,P_UCFLOW.xpt,Urine #1 Flow Rate (mL/min),urine_1_flow_rate_ml_min,,review,
URDTIME1,P_UCFLOW.xpt,Minutes b/w last urination  & urine # 1,minutes_b_w_last_urination_urine_1,,review,
URXVOL2,P_UCFLOW.xpt,The volume of urine collection #2 (mL),the_volume_of_urine_collection_2_ml,,review,
URDFLOW2,P_UCFLOW.xpt,Urine #2 Flow Rate (mL/min),urine_2_flow_rate_ml_min,,review,
URDTIME2,P_UCFLOW.xpt,Minutes b/w urine # 1 & urine # 2,minutes_b_w_urine_1_urine_2,,review,
URXVOL3,P_UCFLOW.xpt,The volume of urine collection #3 (mL),the_volume_of_urine_collection_3_ml,,review,
URDFLOW3,P_UCFLOW.xpt,Urine #3 Flow Rate (mL/min),urine_3_flow_rate_ml_min,,review,
URDTIME3,P_UCFLOW.xpt,Minutes b/w urine # 2 & urine # 3,minutes_b_w_urine_2_urine_3,,review,
WTSAPRP__p_ucm,,,,,review,
URXUCM,P_UCM.xpt,"Chromium, Urine (ug/L)",chromium_urine_ug_l,,review,
URDUCMLC,P_UCM.xpt,"Chromium, Urine Comment Code",chromium_urine_comment_code,,review,
URXPREG,P_UCPREG.xpt,Urine Pregnancy Result,urine_pregnancy_result,,review,
WTSAPRP__p_uhg,,,,,review,
URXUHG,P_UHG.xpt,Urine Mercury (ug/L),urine_mercury_ug_l,,review,
URDUHGLC,P_UHG.xpt,"Mercury, Urine Comment Code",mercury_urine_comment_code,,review,
WTSAPRP__p_uio,,,,,review,
URXUIO,P_UIO.xpt,"Iodine, urine (ug/L)",iodine_urine_ug_l,,review,
URDUIOLC,P_UIO.xpt,"Iodine, urine comment code",iodine_urine_comment_code,,review,
WTSAPRP__p_um,,,,,review,
URXUBA,P_UM.xpt,"Barium, urine (ug/L)",barium_urine_ug_l,,review,
URDUBALC,P_UM.xpt,Urinary Barium Comment Code,urinary_barium_comment_code,,review,
URXUCD,P_UM.xpt,"Cadmium, urine (ug/L)",cadmium_urine_ug_l,,review,
URDUCDLC,P_UM.xpt,Urinary Cadmium Comment Code,urinary_cadmium_comment_code,,review,
URXUCO,P_UM.xpt,"Cobalt, urine (ug/L)",cobalt_urine_ug_l,,review,
URDUCOLC,P_UM.xpt,Urinary Cobalt Comment Code,urinary_cobalt_comment_code,,review,
URXUCS,P_UM.xpt,"Cesium, urine (ug/L)",cesium_urine_ug_l,,review,
URDUCSLC,P_UM.xpt,Urinary Cesium Comment Code,urinary_cesium_comment_code,,review,
URXUMO,P_UM.xpt,"Molybdenum, urine (ug/L)",molybdenum_urine_ug_l,,review,
URDUMOLC,P_UM.xpt,Urinary Molybdenum Comment Code,urinary_molybdenum_comment_code,,review,
URXUMN,P_UM.xpt,"Manganese, urine (ug/L)",manganese_urine_ug_l,,review,
URDUMNLC,P_UM.xpt,Urinary Mn Comment Code,urinary_mn_comment_code,,review,
URXUPB,P_UM.xpt,"Lead, urine (ug/L)",lead_urine_ug_l,,review,
URDUPBLC,P_UM.xpt,Urinary Lead Comment Code,urinary_lead_comment_code,,review,
URXUSB,P_UM.xpt,"Antimony, urine (ug/L)",antimony_urine_ug_l,,review,
URDUSBLC,P_UM.xpt,Urinary Antimony Comment Code,urinary_antimony_comment_code,,review,
URXUSN,P_UM.xpt,"Tin, urine (ug/L)",tin_urine_ug_l,,review,
URDUSNLC,P_UM.xpt,USN Comment Code,usn_comment_code,,review,
URXUTL,P_UM.xpt,"Thallium, urine (ug/L)",thallium_urine_ug_l,,review,
URDUTLLC,P_UM.xpt,Urinary Thallium Comment Code,urinary_thallium_comment_code,,review,
URXUTU,P_UM.xpt,"Tungsten, urine (ug/L)",tungsten_urine_ug_l,,review,
URDUTULC,P_UM.xpt,Urinary Tungsten Comment Code,urinary_tungsten_comment_code,,review,
WTSAPRP__p_uni,,,,,review,
URXUNI,P_UNI.xpt,"Nickel, Urine (ug/L)",nickel_urine_ug_l,,review,
URDUNILC,P_UNI.xpt,"Nickel, Urine Comment Code",nickel_urine_comment_code,,review,
WTSAPRP__p_utas,,,,,review,
URXUAS,P_UTAS.xpt,"Arsenic, Total - Urine (ug/L)",arsenic_total_urine_ug_l,,review,
URDUASLC,P_UTAS.xpt,"Arsenic, Total - Urine Comment Code",arsenic_total_urine_comment_code,,review,
WTSAPRP__p_uvoc,,,,,review,
URX2MH,P_UVOC.xpt,2-methylhippuric acid (ng/mL),2_methylhippuric_acid_ng_ml,,review,
URD2MHLC,P_UVOC.xpt,2-methylhippuric acid comment code,2_methylhippuric_acid_comment_code,,review,
URX34M,P_UVOC.xpt,3-methipurc acd & 4-methipurc acd(ng/mL),3_methipurc_acd_4_methipurc_acd_ng_ml,,review,
URD34MLC,P_UVOC.xpt,3-methipurc acd & 4-methipurc acid comt,3_methipurc_acd_4_methipurc_acid_comt,,review,
URXAAM,P_UVOC.xpt,N-ace-S-(2-carbamoylethyl)-L-cys(ng/mL),n_ace_s_2_carbamoylethyl_l_cys_ng_ml,,review,
URDAAMLC,P_UVOC.xpt,N-ace-S-(2-carbamoylethyl)-L-cys comt,n_ace_s_2_carbamoylethyl_l_cys_comt,,review,
URXAMC,P_UVOC.xpt,N-ace-S-(N-methlcarbamoyl)-L-cys(ng/mL),n_ace_s_n_methlcarbamoyl_l_cys_ng_ml,,review,
URDAMCLC,P_UVOC.xpt,N-ace-S-(N-methlcarbamoyl)-L-cys comt,n_ace_s_n_methlcarbamoyl_l_cys_comt,,review,
URXATC,P_UVOC.xpt,2-amnothiazolne-4-carbxylic acid(ng/mL),2_amnothiazolne_4_carbxylic_acid_ng_ml,,review,
URDATCLC,P_UVOC.xpt,2-amnothiazolne-4-carbxylic acid comt,2_amnothiazolne_4_carbxylic_acid_comt,,review,
URXBMA,P_UVOC.xpt,N-acetyl-S-(benzyl)-L-cysteine(ng/mL),n_acetyl_s_benzyl_l_cysteine_ng_ml,,review,
URDBMALC,P_UVOC.xpt,N-acetyl-S-(benzyl)-L-cysteine comt,n_acetyl_s_benzyl_l_cysteine_comt,,review,
URXBPM,P_UVOC.xpt,N-acetyl-S-(n-propyl)-L-cysteine(ng/mL),n_acetyl_s_n_propyl_l_cysteine_ng_ml,,review,
URDBPMLC,P_UVOC.xpt,N-acetyl-S-(n-propyl)-L-cysteine comt,n_acetyl_s_n_propyl_l_cysteine_comt,,review,
URXCEM,P_UVOC.xpt,N-acetyl-S-(2-carbxyethyl)-L-cys(ng/mL),n_acetyl_s_2_carbxyethyl_l_cys_ng_ml,,review,
URDCEMLC,P_UVOC.xpt,N-acetyl-S-(2-carbxyethyl)-L-cys comt,n_acetyl_s_2_carbxyethyl_l_cys_comt,,review,
URXCYHA,P_UVOC.xpt,CYHA cysteine (ng/mL),cyha_cysteine_ng_ml,,review,
URDCYALC,P_UVOC.xpt,CYHA cysteine comment code,cyha_cysteine_comment_code,,review,
URXCYM,P_UVOC.xpt,N-acetyl-S-(2-cyanoethyl)-L-cyst(ng/mL),n_acetyl_s_2_cyanoethyl_l_cyst_ng_ml,,review,
URDCYMLC,P_UVOC.xpt,N-acetyl-S-(2-cyanoethyl)-L-cyst comt,n_acetyl_s_2_cyanoethyl_l_cyst_comt,,review,
URXDHB,P_UVOC.xpt,"N-ace-S-(3,4-dihidxybutl)-L-cys(ng/mL)",n_ace_s_3_4_dihidxybutl_l_cys_ng_ml,,review,
URDDHBLC,P_UVOC.xpt,"N-ace-S-(3,4-dihidxybutl)-L-cys comt",n_ace_s_3_4_dihidxybutl_l_cys_comt,,review,
URXGAM,P_UVOC.xpt,N-ac-S-(2-carbmo-2-hydxel)-L-cys(ng/mL),n_ac_s_2_carbmo_2_hydxel_l_cys_ng_ml,,review,
URDGAMLC,P_UVOC.xpt,N-ac-S-(2-carbmo-2-hydxel)-L-cys comt,n_ac_s_2_carbmo_2_hydxel_l_cys_comt,,review,
URXHEM,P_UVOC.xpt,N-ace-S-(2-hydroxyethyl)-L-cys(ng/mL),n_ace_s_2_hydroxyethyl_l_cys_ng_ml,,review,
URDHEMLC,P_UVOC.xpt,N-ace-S-(2-hydroxyethyl)-L-cys comt,n_ace_s_2_hydroxyethyl_l_cys_comt,,review,
URXHP2,P_UVOC.xpt,N-ace-S-(2-hydroxypropyl)-L-cys(ng/mL),n_ace_s_2_hydroxypropyl_l_cys_ng_ml,,review,
URDHP2LC,P_UVOC.xpt,N-ace-S-(2-hydroxypropyl)-L-cys comt,n_ace_s_2_hydroxypropyl_l_cys_comt,,review,
URXHPM,P_UVOC.xpt,N-ace-S-(3-hydroxypropyl)-L-cys(ng/mL),n_ace_s_3_hydroxypropyl_l_cys_ng_ml,,review,
URDHPMLC,P_UVOC.xpt,N-ace-S-(3-hydroxypropyl)-L-cys comt,n_ace_s_3_hydroxypropyl_l_cys_comt,,review,
URXIPM3,P_UVOC.xpt,IPM3 cysteine (ng/mL),ipm3_cysteine_ng_ml,,review,
URDPM3LC,P_UVOC.xpt,IPM3 cysteine comment code,ipm3_cysteine_comment_code,,review,
URXMAD,P_UVOC.xpt,Mandelic acid(ng/mL),mandelic_acid_ng_ml,,review,
URDMADLC,P_UVOC.xpt,Mandelic acid comment code,mandelic_acid_comment_code,,review,
URXMB3,P_UVOC.xpt,N-A-S-(4-hydrxy-2-butenyl)-L-cys(ng/mL),n_a_s_4_hydrxy_2_butenyl_l_cys_ng_ml,,review,
URDMB3LC,P_UVOC.xpt,N-A-S-(4-hydrxy-2-butenyl)-L-cys comt,n_a_s_4_hydrxy_2_butenyl_l_cys_comt,,review,
URXPHG,P_UVOC.xpt,Phenylglyoxylic acid(ng/mL),phenylglyoxylic_acid_ng_ml,,review,
URDPHGLC,P_UVOC.xpt,Phenylglyoxylic acid comment code,phenylglyoxylic_acid_comment_code,,review,
URXPMM,P_UVOC.xpt,N-A-S-(3-hydrxprpl-1-metl)-L-cys(ng/mL),n_a_s_3_hydrxprpl_1_metl_l_cys_ng_ml,,review,
URDPMMLC,P_UVOC.xpt,N-A-S-(3-hydrxprpl-1-metl)-L-cys comt,n_a_s_3_hydrxprpl_1_metl_l_cys_comt,,review,
URXTTC,P_UVOC.xpt,2-Thioxothiazolidine-4-carboxylic acid,2_thioxothiazolidine_4_carboxylic_acid,,review,
URDTTCLC,P_UVOC.xpt,2-Thoxothazlidne-4-carbxylic comt,2_thoxothazlidne_4_carbxylic_comt,,review,
WTVOC2PP,P_UVOC2.xpt,UVOC2 Subsample Weights Pre-Pandemic,uvoc2_subsample_weights_pre_pandemic,,review,
URXMUCA,P_UVOC2.xpt,"trans, trans-Muconic acid (ng/mL)",trans_trans_muconic_acid_ng_ml,,review,
URDMUCLC,P_UVOC2.xpt,"trans, trans-Muconic acid comment code",trans_trans_muconic_acid_comment_code,,review,
URXPHMA,P_UVOC2.xpt,Phenylmercapturic acid (ng/mL),phenylmercapturic_acid_ng_ml,,review,
URDPMALC,P_UVOC2.xpt,Phenylmercapturic acid comment code,phenylmercapturic_acid_comment_code,,review,
WTSVOCPR,P_VOCWB.xpt,VOC Subsample Weight Pre-Pandemic,voc_subsample_weight_pre_pandemic,,review,
LBX2DF,P_VOCWB.xpt,"Blood 2,5-Dimethylfuran (ng/mL)",blood_2_5_dimethylfuran_ng_ml,,review,
LBD2DFLC,P_VOCWB.xpt,"Blood 2,5-Dimethylfuran Comment Code",blood_2_5_dimethylfuran_comment_code,,review,
LBX4CE,P_VOCWB.xpt,"Blood 1,1,1,2-Tetrachloroethane (ng/mL)",blood_1_1_1_2_tetrachloroethane_ng_ml,,review,
LBD4CELC,P_VOCWB.xpt,"Blood 1,1,1,2-Tetrachloroethane Cmt Code",blood_1_1_1_2_tetrachloroethane_cmt_code,,review,
LBXV06,P_VOCWB.xpt,Blood Hexane (ng/mL),blood_hexane_ng_ml,,review,
LBDV06LC,P_VOCWB.xpt,Blood Hexane Comment Code,blood_hexane_comment_code,,review,
LBXV07N,P_VOCWB.xpt,Blood Heptane (ng/mL),blood_heptane_ng_ml,,review,
LBDV07LC,P_VOCWB.xpt,Blood Heptane Comment Code,blood_heptane_comment_code,,review,
LBXV08N,P_VOCWB.xpt,Blood Octane (ng/mL),blood_octane_ng_ml,,review,
LBDV08LC,P_VOCWB.xpt,Blood Octane Comment Code,blood_octane_comment_code,,review,
LBXV1D,P_VOCWB.xpt,"Blood 1,2-Dichlorobenzene (ng/mL)",blood_1_2_dichlorobenzene_ng_ml,,review,
LBDV1DLC,P_VOCWB.xpt,"Blood 1,2-Dichlorobenzene Comment Code",blood_1_2_dichlorobenzene_comment_code,,review,
LBXV2A,P_VOCWB.xpt,"Blood 1,2-Dichloroethane (ng/mL)",blood_1_2_dichloroethane_ng_ml,,review,
LBDV2ALC,P_VOCWB.xpt,"Blood 1,2-Dichloroethane Comment Code",blood_1_2_dichloroethane_comment_code,,review,
LBXV3B,P_VOCWB.xpt,"Blood 1,3-Dichlorobenzene (ng/mL)",blood_1_3_dichlorobenzene_ng_ml,,review,
LBDV3BLC,P_VOCWB.xpt,"Blood 1,3-Dichlorobenzene Comment Code",blood_1_3_dichlorobenzene_comment_code,,review,
LBXV4C,P_VOCWB.xpt,Blood Tetrachloroethene (ng/mL),blood_tetrachloroethene_ng_ml,,review,
LBDV4CLC,P_VOCWB.xpt,Blood Tetrachloroethene Comment Code,blood_tetrachloroethene_comment_code,,review,
LBXVBF,P_VOCWB.xpt,Blood Bromoform (ng/mL),blood_bromoform_ng_ml,,review,
LBDVBFLC,P_VOCWB.xpt,Blood Bromoform Comment Code,blood_bromoform_comment_code,,review,
LBXVBM,P_VOCWB.xpt,Blood Bromodichloromethane (ng/mL),blood_bromodichloromethane_ng_ml,,review,
LBDVBMLC,P_VOCWB.xpt,Blood Bromodichloromethane Comment Code,blood_bromodichloromethane_comment_code,,review,
LBXVBZ,P_VOCWB.xpt,Blood Benzene (ng/mL),blood_benzene_ng_ml,,review,
LBDVBZLC,P_VOCWB.xpt,Blood Benzene Comment Code,blood_benzene_comment_code,,review,
LBXVBZN,P_VOCWB.xpt,Blood Benzonitrile (ng/mL),blood_benzonitrile_ng_ml,,review,
LBDVZBLC,P_VOCWB.xpt,Blood Benzonitrile Comment Code,blood_benzonitrile_comment_code,,review,
LBXVC6,P_VOCWB.xpt,Blood Cyclohexane (ng/mL),blood_cyclohexane_ng_ml,,review,
LBDVC6LC,P_VOCWB.xpt,Blood Cyclohexane Comment Code,blood_cyclohexane_comment_code,,review,
LBXVCB,P_VOCWB.xpt,Blood Chlorobenzene (ng/mL),blood_chlorobenzene_ng_ml,,review,
LBDVCBLC,P_VOCWB.xpt,Blood Chlorobenzene Comment Code,blood_chlorobenzene_comment_code,,review,
LBXVCF,P_VOCWB.xpt,Blood Chloroform (ng/mL),blood_chloroform_ng_ml,,review,
LBDVCFLC,P_VOCWB.xpt,Blood Chloroform Comment Code,blood_chloroform_comment_code,,review,
LBXVCM,P_VOCWB.xpt,Blood Dibromochloromethane (ng/mL),blood_dibromochloromethane_ng_ml,,review,
LBDVCMLC,P_VOCWB.xpt,Blood Dibromochloromethane Comment Code,blood_dibromochloromethane_comment_code,,review,
LBXVCT,P_VOCWB.xpt,Blood Carbon Tetrachloride (ng/mL),blood_carbon_tetrachloride_ng_ml,,review,
LBDVCTLC,P_VOCWB.xpt,Blood Carbon Tetrachloride Comment Code,blood_carbon_tetrachloride_comment_code,,review,
LBXVDB,P_VOCWB.xpt,"Blood 1,4-Dichlorobenzene (ng/mL)",blood_1_4_dichlorobenzene_ng_ml,,review,
LBDVDBLC,P_VOCWB.xpt,"Blood 1,4-Dichlorobenzene Comment Code",blood_1_4_dichlorobenzene_comment_code,,review,
LBXVDE,P_VOCWB.xpt,"Blood 1,2-Dibromoethane (ng/mL)",blood_1_2_dibromoethane_ng_ml,,review,
LBDVDELC,P_VOCWB.xpt,"Blood 1,2-Dibromoethane Comment Code",blood_1_2_dibromoethane_comment_code,,review,
LBXVDEE,P_VOCWB.xpt,Blood Diethyl Ether (ng/mL),blood_diethyl_ether_ng_ml,,review,
LBDVEELC,P_VOCWB.xpt,Blood Diethyl Ether Comment Code,blood_diethyl_ether_comment_code,,review,
LBXVEA,P_VOCWB.xpt,Blood Ethyl Acetate (ng/mL),blood_ethyl_acetate_ng_ml,,review,
LBDVEALC,P_VOCWB.xpt,Blood Ethyl Acetate Comment Code,blood_ethyl_acetate_comment_code,,review,
LBXVEB,P_VOCWB.xpt,Blood Ethylbenzene (ng/mL),blood_ethylbenzene_ng_ml,,review,
LBDVEBLC,P_VOCWB.xpt,Blood Ethylbenzene Comment Code,blood_ethylbenzene_comment_code,,review,
LBXVEC,P_VOCWB.xpt,Blood Chloroethane (ng/mL),blood_chloroethane_ng_ml,,review,
LBDVECLC,P_VOCWB.xpt,Blood Chloroethane Comment Code,blood_chloroethane_comment_code,,review,
LBXVFN,P_VOCWB.xpt,Blood Furan (ng/mL),blood_furan_ng_ml,,review,
LBDVFNLC,P_VOCWB.xpt,Blood Furan Comment Code,blood_furan_comment_code,,review,
LBXVIBN,P_VOCWB.xpt,Blood Isobutyronitrile (ng/mL),blood_isobutyronitrile_ng_ml,,review,
LBDVIBLC,P_VOCWB.xpt,Blood Isobutyronitrile Comment Code,blood_isobutyronitrile_comment_code,,review,
LBXVIPB,P_VOCWB.xpt,Blood Isopropylbenzene (ng/mL),blood_isopropylbenzene_ng_ml,,review,
LBDVIPLC,P_VOCWB.xpt,Blood Isopropylbenzene Comment Code,blood_isopropylbenzene_comment_code,,review,
LBXVMC,P_VOCWB.xpt,Blood Methylene Chloride (ng/mL),blood_methylene_chloride_ng_ml,,review,
LBDVMCLC,P_VOCWB.xpt,Blood Methylene Chloride Comment Code,blood_methylene_chloride_comment_code,,review,
LBXVMCP,P_VOCWB.xpt,Blood Methylcyclopentane (ng/mL),blood_methylcyclopentane_ng_ml,,review,
LBDVMPLC,P_VOCWB.xpt,Blood Methylcyclopentane Comment Code,blood_methylcyclopentane_comment_code,,review,
LBXVME,P_VOCWB.xpt,Blood MTBE (ng/mL),blood_mtbe_ng_ml,,review,
LBDVMELC,P_VOCWB.xpt,Blood MTBE Comment Code,blood_mtbe_comment_code,,review,
LBXVMIK,P_VOCWB.xpt,Blood Methyl Isobutyl Ketone (ng/mL),blood_methyl_isobutyl_ketone_ng_ml,,review,
LBDVMKLC,P_VOCWB.xpt,Blood Methyl Isobutyl Ketone Comt Code,blood_methyl_isobutyl_ketone_comt_code,,review,
LBXVNB,P_VOCWB.xpt,Blood Nitrobenzene (ng/mL),blood_nitrobenzene_ng_ml,,review,
LBDVNBLC,P_VOCWB.xpt,Blood Nitrobenzene Comment Code,blood_nitrobenzene_comment_code,,review,
LBXVOX,P_VOCWB.xpt,Blood o-Xylene (ng/mL),blood_o_xylene_ng_ml,,review,
LBDVOXLC,P_VOCWB.xpt,Blood o-Xylene Comment Code,blood_o_xylene_comment_code,,review,
LBXVTC,P_VOCWB.xpt,Blood Trichloroethene (ng/mL),blood_trichloroethene_ng_ml,,review,
LBDVTCLC,P_VOCWB.xpt,Blood Trichloroethene Comment Code,blood_trichloroethene_comment_code,,review,
LBXVTE,P_VOCWB.xpt,"Blood 1,1,1-Trichloroethane (ng/mL)",blood_1_1_1_trichloroethane_ng_ml,,review,
LBDVTELC,P_VOCWB.xpt,"Blood 1,1,1-Trichloroethane Comment Code",blood_1_1_1_trichloroethane_comment_code,,review,
LBXVTFT,P_VOCWB.xpt,Blood aaa-Trifluorotoluene (ng/mL),blood_aaa_trifluorotoluene_ng_ml,,review,
LBDVFTLC,P_VOCWB.xpt,Blood aaa-Trifluorotoluene Comment Code,blood_aaa_trifluorotoluene_comment_code,,review,
LBXVTHF,P_VOCWB.xpt,Blood Tetrahydrofuran (ng/mL),blood_tetrahydrofuran_ng_ml,,review,
LBDVHTLC,P_VOCWB.xpt,Blood Tetrahydrofuran Comment Code,blood_tetrahydrofuran_comment_code,,review,
LBXVTP,P_VOCWB.xpt,"Blood 1,2,3-Trichloropropane (ng/mL)",blood_1_2_3_trichloropropane_ng_ml,,review,
LBDVTPLC,P_VOCWB.xpt,"Blood 1,2,3-Trichloropropane Comt Code",blood_1_2_3_trichloropropane_comt_code,,review,
LBXVVB,P_VOCWB.xpt,Blood Vinyl Bromide (ng/mL),blood_vinyl_bromide_ng_ml,,review,
LBDVVBLC,P_VOCWB.xpt,Blood Vinyl Bromide Comment Code,blood_vinyl_bromide_comment_code,,review,
LBXVXY,P_VOCWB.xpt,Blood m-/p-Xylene (ng/mL),blood_m_p_xylene_ng_ml,,review,
LBDVXYLC,P_VOCWB.xpt,Blood m-/p-Xylene Comment Code,blood_m_p_xylene_comment_code,,review,
